{"cameraMode":{"drawMode":0,"name":"Shaded","section":"Shading Mode"},"sceneLighting":false,"audioPlay":false,"sceneViewState":{"m_AlwaysRefresh":false,"showFog":true,"showSkybox":false,"showFlares":true,"showImageEffects":true,"showParticleSystems":true,"showVisualEffectGraphs":true,"m_FxEnabled":true},"in2DMode":false,"pivot":{"x":2.188511848449707,"y":4.037154674530029,"z":-24.225011825561525},"rotation":{"x":-0.15520866215229035,"y":0.06403178721666336,"z":-0.009805066511034966,"w":-0.9860659241676331},"size":73.62950897216797,"orthographic":true}