{"cameraMode":{"drawMode":0,"name":"Shaded","section":"Shading Mode"},"sceneLighting":false,"audioPlay":false,"sceneViewState":{"m_AlwaysRefresh":false,"showFog":true,"showSkybox":false,"showFlares":true,"showImageEffects":true,"showParticleSystems":true,"showVisualEffectGraphs":true,"m_FxEnabled":true},"in2DMode":false,"pivot":{"x":-0.00019916705787181854,"y":0.019402652978897096,"z":0.003016823437064886},"rotation":{"x":0.01564844697713852,"y":0.9788475036621094,"z":-0.08303587883710861,"w":0.1866561323404312},"size":0.02616247534751892,"orthographic":false}