{"cameraMode":{"drawMode":0,"name":"Shaded","section":"Shading Mode"},"sceneLighting":false,"audioPlay":false,"sceneViewState":{"m_AlwaysRefresh":false,"showFog":true,"showSkybox":false,"showFlares":true,"showImageEffects":true,"showParticleSystems":true,"showVisualEffectGraphs":true,"m_FxEnabled":true},"in2DMode":false,"pivot":{"x":0.014159917831420899,"y":2.5963988304138185,"z":-0.0038995742797851564},"rotation":{"x":0.7610171437263489,"y":-0.003891762113198638,"z":0.00456673139706254,"w":0.6487078666687012},"size":4.205088138580322,"orthographic":false}