{"cameraMode":{"drawMode":0,"name":"Shaded","section":"Shading Mode"},"sceneLighting":false,"audioPlay":false,"sceneViewState":{"m_AlwaysRefresh":false,"showFog":true,"showSkybox":false,"showFlares":true,"showImageEffects":true,"showParticleSystems":true,"showVisualEffectGraphs":true,"m_FxEnabled":true},"in2DMode":false,"pivot":{"x":-0.010785818099975586,"y":0.9843622446060181,"z":0.3020118772983551},"rotation":{"x":0.0011143347946926952,"y":0.9978346228599548,"z":-0.0200248584151268,"w":0.06984295696020127},"size":1.548128366470337,"orthographic":false}