{"cameraMode":{"drawMode":0,"name":"Shaded","section":"Shading Mode"},"sceneLighting":true,"audioPlay":false,"sceneViewState":{"m_AlwaysRefresh":false,"showFog":true,"showSkybox":true,"showFlares":true,"showImageEffects":true,"showParticleSystems":true,"showVisualEffectGraphs":true,"m_FxEnabled":true},"in2DMode":false,"pivot":{"x":-1.1076632738113404,"y":0.8664326667785645,"z":-99.6364517211914},"rotation":{"x":-0.2668081820011139,"y":0.012819158844649792,"z":-0.002243842463940382,"w":-0.9641891717910767},"size":2.563694953918457,"orthographic":false}