{"cameraMode":{"drawMode":0,"name":"Shaded","section":"Shading Mode"},"sceneLighting":true,"audioPlay":false,"sceneViewState":{"m_AlwaysRefresh":false,"showFog":true,"showSkybox":true,"showFlares":true,"showImageEffects":true,"showParticleSystems":true,"showVisualEffectGraphs":true,"m_FxEnabled":true},"in2DMode":false,"pivot":{"x":2.841381072998047,"y":5.346010208129883,"z":-71.49877166748047},"rotation":{"x":-0.08182176202535629,"y":0.0021414984948933126,"z":-0.002908763475716114,"w":-0.997001051902771},"size":4.956173419952393,"orthographic":false}