{"cameraMode":{"drawMode":0,"name":"Shaded","section":"Shading Mode"},"sceneLighting":true,"audioPlay":false,"sceneViewState":{"m_AlwaysRefresh":false,"showFog":true,"showSkybox":true,"showFlares":true,"showImageEffects":true,"showParticleSystems":true,"showVisualEffectGraphs":true,"m_FxEnabled":true},"in2DMode":false,"pivot":{"x":-1.3645187616348267,"y":0.5761012434959412,"z":-99.63591766357422},"rotation":{"x":-0.29058629274368288,"y":0.023561282083392144,"z":-0.008791384287178517,"w":-0.9569624662399292},"size":8.402688026428223,"orthographic":false}