{"cameraMode":{"drawMode":0,"name":"Shaded","section":"Shading Mode"},"sceneLighting":true,"audioPlay":false,"sceneViewState":{"m_AlwaysRefresh":false,"showFog":true,"showSkybox":true,"showFlares":true,"showImageEffects":true,"showParticleSystems":true,"showVisualEffectGraphs":true,"m_FxEnabled":true},"in2DMode":false,"pivot":{"x":4.453948974609375,"y":14.54561996459961,"z":-29.000288009643556},"rotation":{"x":0.47211146354675295,"y":-0.06352740526199341,"z":0.04229864105582237,"w":0.8783566355705261},"size":81.21105194091797,"orthographic":false}