{"cameraMode":{"drawMode":0,"name":"Shaded","section":"Shading Mode"},"sceneLighting":true,"audioPlay":false,"sceneViewState":{"m_AlwaysRefresh":false,"showFog":true,"showSkybox":true,"showFlares":true,"showImageEffects":true,"showParticleSystems":true,"showVisualEffectGraphs":true,"m_FxEnabled":true},"in2DMode":false,"pivot":{"x":0.0090409517288208,"y":1.2150537967681885,"z":-100.25374603271485},"rotation":{"x":-0.1505340188741684,"y":0.05237230286002159,"z":-0.015647511929273607,"w":-0.9872190356254578},"size":1.7882041931152344,"orthographic":false}