{"cameraMode":{"drawMode":0,"name":"Shaded","section":"Shading Mode"},"sceneLighting":false,"audioPlay":false,"sceneViewState":{"m_AlwaysRefresh":false,"showFog":true,"showSkybox":false,"showFlares":true,"showImageEffects":true,"showParticleSystems":true,"showVisualEffectGraphs":true,"m_FxEnabled":true},"in2DMode":false,"pivot":{"x":-0.14596650004386903,"y":1.4002249240875245,"z":0.11426746845245362},"rotation":{"x":-0.020062176510691644,"y":-0.9796923995018005,"z":0.13009002804756165,"w":-0.154429629445076},"size":0.3640024960041046,"orthographic":false}