{"cameraMode":{"drawMode":0,"name":"Shaded","section":"Shading Mode"},"sceneLighting":false,"audioPlay":false,"sceneViewState":{"m_AlwaysRefresh":false,"showFog":true,"showSkybox":false,"showFlares":true,"showImageEffects":true,"showParticleSystems":true,"showVisualEffectGraphs":true,"m_FxEnabled":true},"in2DMode":false,"pivot":{"x":-1.1920928955078126e-7,"y":1.1098439693450928,"z":-0.3743878901004791},"rotation":{"x":-0.006514902226626873,"y":0.9928554892539978,"z":-0.10519648343324661,"w":-0.06360594928264618},"size":2.2136471271514894,"orthographic":false}