{"cameraMode":{"drawMode":0,"name":"Shaded","section":"Shading Mode"},"sceneLighting":false,"audioPlay":false,"sceneViewState":{"m_AlwaysRefresh":false,"showFog":true,"showSkybox":false,"showFlares":true,"showImageEffects":true,"showParticleSystems":true,"showVisualEffectGraphs":true,"m_FxEnabled":true},"in2DMode":false,"pivot":{"x":0.03721556067466736,"y":0.7022597789764404,"z":0.16381466388702393},"rotation":{"x":-0.027167757973074914,"y":0.9663796424865723,"z":-0.23002849519252778,"w":-0.11550489068031311},"size":1.5205068588256837,"orthographic":false}