{"cameraMode":{"drawMode":0,"name":"Shaded","section":"Shading Mode"},"sceneLighting":false,"audioPlay":false,"sceneViewState":{"m_AlwaysRefresh":false,"showFog":true,"showSkybox":false,"showFlares":true,"showImageEffects":true,"showParticleSystems":true,"showVisualEffectGraphs":true,"m_FxEnabled":true},"in2DMode":false,"pivot":{"x":0.0032846182584762575,"y":0.01965896040201187,"z":0.004599366337060928},"rotation":{"x":-0.007502403110265732,"y":0.9917482733726502,"z":0.10993390530347824,"w":0.06644437462091446},"size":0.03862801194190979,"orthographic":false}